-----------------Request START--------------
Request Time: 27-02-14 10:37:14
Request: <?xml version="1.0"?>
<VancoWS>
  <Auth>
    <RequestType>Login</RequestType>
    <RequestID>RequestID</RequestID>
    <RequestTime>2014-02-27 10:02:14</RequestTime>
	
    <Version>2</Version>
  </Auth>
  <Request>
	
    <RequestVars>
		
      <UserID>BACKOFFI</UserID>
	
      <Password>v@nco2oo</Password>
	
    </RequestVars>
  </Request>
</VancoWS>

-----------------Request END--------------
-----------------Response START--------------
Response Time: 27-02-14 10:37:14
Response: <?xml version="1.0" encoding="UTF-8"?>
<VancoWS><Auth><RequestID>RequestID</RequestID><RequestTime>2014-02-27 10:02:14</RequestTime><RequestType>Login</RequestType><Version>2</Version></Auth><Response><SessionID>4c2fef9ce27400efef54a887fc6f058536ac634b</SessionID></Response></VancoWS>

-----------------Response END--------------
-----------------Request START--------------
Request Time: 27-02-14 10:37:18
Request: <?xml version="1.0"?>
<VancoWS>
	<Auth>
		<RequestType>FederalHoliday</RequestType>
		<RequestID>RequestID</RequestID>
		<RequestTime>2014-02-27 10:02:18</RequestTime>
		<SessionID>4c2fef9ce27400efef54a887fc6f058536ac634b</SessionID>
		<Version>2</Version>
	</Auth>
	<Request>
		<RequestVars>
			<ClientID/>
		</RequestVars>
	</Request>
</VancoWS>

-----------------Request END--------------
-----------------Response START--------------
Response Time: 27-02-14 10:37:19
Response: <?xml version="1.0" encoding="UTF-8"?>
<VancoWS><Auth><RequestID>RequestID</RequestID><RequestTime>2014-02-27 10:02:18</RequestTime><RequestType>FederalHoliday</RequestType><Signature/><SessionID>4c2fef9ce27400efef54a887fc6f058536ac634b</SessionID><Version>2</Version></Auth><Response/></VancoWS>

-----------------Response END--------------
-----------------Request START--------------
Request Time: 27-02-14 10:37:19
Request: <?xml version="1.0"?>
<VancoWS>
  <Auth>
    <RequestType>EFTAddCompleteTransaction</RequestType>
    <RequestID>RequestID</RequestID>
    <RequestTime>2014-02-27 10:02:19</RequestTime>
    <SessionID>4c2fef9ce27400efef54a887fc6f058536ac634b</SessionID>
    <Version>2</Version>
  </Auth>
  <Request>
    <RequestVars>
		<CustomerID>202</CustomerID>		
		<CustomerName>ggh, jghhgh</CustomerName>
		<CustomerAddress1>hgghgh</CustomerAddress1>
		<CustomerAddress2/>
		<CustomerCity>hg</CustomerCity>
		<CustomerState>AZ</CustomerState>
		<CustomerZip>13443234</CustomerZip>
		<CustomerPhone/>
		<PaymentMethodRef/>
		<AccountType>CC</AccountType>
		<AccountNumber>************1111</AccountNumber>
		<CardCVV2></CardCVV2>
		<CardBillingName>jghhgh hhg ggh</CardBillingName>
		<CardExpMonth>03</CardExpMonth>
		<CardExpYear>2016</CardExpYear>
		<SameCCBillingAddrAsCust>YES</SameCCBillingAddrAsCust>
		<CardBillingAddr1/>
		<CardBillingAddr2/>
		<CardBillingCity/>
		<CardBillingState/>
		<CardBillingZip/>
		<Amount>50.00</Amount>
		<StartDate>2014-02-27</StartDate>
		<EndDate>2014-04-27</EndDate>
		<FrequencyCode>M</FrequencyCode>
		<TransactionTypeCode/>
    </RequestVars>
  </Request>
</VancoWS>

-----------------Request END--------------
-----------------Response START--------------
Response Time: 27-02-14 10:37:19
Response: <?xml version="1.0" encoding="UTF-8"?>
<VancoWS><Auth><RequestID>RequestID</RequestID><RequestTime>2014-02-27 10:02:19</RequestTime><RequestType>EFTAddCompleteTransaction</RequestType><Signature/><SessionID>4c2fef9ce27400efef54a887fc6f058536ac634b</SessionID><Version>2</Version></Auth><Response><CustomerRef>7411729</CustomerRef><PaymentMethodRef>7452851</PaymentMethodRef><TransactionRef>16101395</TransactionRef><TransactionFee>1.83</TransactionFee></Response></VancoWS>

-----------------Response END--------------
-----------------Request START--------------
Request Time: 27-02-14 10:37:19
Request: <?xml version="1.0"?>
<VancoWS>
	<Auth>
		<RequestType>Logout</RequestType>
		<RequestID>RequestID</RequestID>
		<RequestTime>2014-02-27 10:02:19</RequestTime>
		<SessionID>4c2fef9ce27400efef54a887fc6f058536ac634b</SessionID>
		<Version>2</Version>
	</Auth>
	<Request>
		<RequestVars>
			<Logout/>
		</RequestVars>
	</Request>
</VancoWS>

-----------------Request END--------------
-----------------Response START--------------
Response Time: 27-02-14 10:37:20
Response: <?xml version="1.0" encoding="UTF-8"?>
<VancoWS><Auth><RequestID>RequestID</RequestID><RequestTime>2014-02-27 10:02:19</RequestTime><RequestType>Logout</RequestType><Version>2</Version></Auth><Response><Logout>Successful</Logout></Response></VancoWS>

-----------------Response END--------------
-----------------Request START--------------
Request Time: 27-02-14 10:38:03
Request: <?xml version="1.0"?>
<VancoWS>
  <Auth>
    <RequestType>Login</RequestType>
    <RequestID>RequestID</RequestID>
    <RequestTime>2014-02-27 10:02:03</RequestTime>
	
    <Version>2</Version>
  </Auth>
  <Request>
	
    <RequestVars>
		
      <UserID>BACKOFFI</UserID>
	
      <Password>v@nco2oo</Password>
	
    </RequestVars>
  </Request>
</VancoWS>

-----------------Request END--------------
-----------------Response START--------------
Response Time: 27-02-14 10:38:04
Response: <?xml version="1.0" encoding="UTF-8"?>
<VancoWS><Auth><RequestID>RequestID</RequestID><RequestTime>2014-02-27 10:02:03</RequestTime><RequestType>Login</RequestType><Version>2</Version></Auth><Response><SessionID>aadbbdf941fee76f2d6c80490b84ba7c1786e25e</SessionID></Response></VancoWS>

-----------------Response END--------------
-----------------Request START--------------
Request Time: 27-02-14 10:38:04
Request: <?xml version="1.0"?>
<VancoWS>
	<Auth>
		<RequestType>FederalHoliday</RequestType>
		<RequestID>RequestID</RequestID>
		<RequestTime>2014-02-27 10:02:04</RequestTime>
		<SessionID>aadbbdf941fee76f2d6c80490b84ba7c1786e25e</SessionID>
		<Version>2</Version>
	</Auth>
	<Request>
		<RequestVars>
			<ClientID/>
		</RequestVars>
	</Request>
</VancoWS>

-----------------Request END--------------
-----------------Response START--------------
Response Time: 27-02-14 10:38:04
Response: <?xml version="1.0" encoding="UTF-8"?>
<VancoWS><Auth><RequestID>RequestID</RequestID><RequestTime>2014-02-27 10:02:04</RequestTime><RequestType>FederalHoliday</RequestType><Signature/><SessionID>aadbbdf941fee76f2d6c80490b84ba7c1786e25e</SessionID><Version>2</Version></Auth><Response/></VancoWS>

-----------------Response END--------------
-----------------Request START--------------
Request Time: 27-02-14 10:38:04
Request: <?xml version="1.0"?>
<VancoWS>
  <Auth>
    <RequestType>EFTAddCompleteTransaction</RequestType>
    <RequestID>RequestID</RequestID>
    <RequestTime>2014-02-27 10:02:04</RequestTime>
    <SessionID>aadbbdf941fee76f2d6c80490b84ba7c1786e25e</SessionID>
    <Version>2</Version>
  </Auth>
  <Request>
    <RequestVars>
		<CustomerID>202</CustomerID>		
		<CustomerName>ggh, jghhgh</CustomerName>
		<CustomerAddress1>hgghgh</CustomerAddress1>
		<CustomerAddress2/>
		<CustomerCity>hg</CustomerCity>
		<CustomerState>AZ</CustomerState>
		<CustomerZip>13443234</CustomerZip>
		<CustomerPhone/>
		<PaymentMethodRef/>
		<AccountType>C</AccountType>
		<AccountNumber>*****4234</AccountNumber>
		<CardCVV2></CardCVV2>
		<CardBillingName/>
		<CardExpMonth/>
		<CardExpYear/>
		<SameCCBillingAddrAsCust/>
		<CardBillingAddr1/>
		<CardBillingAddr2/>
		<CardBillingCity/>
		<CardBillingState/>
		<CardBillingZip/>
		<Amount>12.00</Amount>
		<StartDate>2014-02-28</StartDate>
		<EndDate>2014-04-28</EndDate>
		<FrequencyCode>M</FrequencyCode>
		<TransactionTypeCode>WEB</TransactionTypeCode>
    <RoutingNumber>031207607</RoutingNumber></RequestVars>
  </Request>
</VancoWS>

-----------------Request END--------------
-----------------Response START--------------
Response Time: 27-02-14 10:38:05
Response: <?xml version="1.0" encoding="UTF-8"?>
<VancoWS><Auth><RequestID>RequestID</RequestID><RequestTime>2014-02-27 10:02:04</RequestTime><RequestType>EFTAddCompleteTransaction</RequestType><Signature/><SessionID>aadbbdf941fee76f2d6c80490b84ba7c1786e25e</SessionID><Version>2</Version></Auth><Response><CustomerRef>7411729</CustomerRef><PaymentMethodRef>7455967</PaymentMethodRef><TransactionRef>16101396</TransactionRef><TransactionFee/></Response></VancoWS>

-----------------Response END--------------
-----------------Request START--------------
Request Time: 27-02-14 10:38:05
Request: <?xml version="1.0"?>
<VancoWS>
	<Auth>
		<RequestType>Logout</RequestType>
		<RequestID>RequestID</RequestID>
		<RequestTime>2014-02-27 10:02:05</RequestTime>
		<SessionID>aadbbdf941fee76f2d6c80490b84ba7c1786e25e</SessionID>
		<Version>2</Version>
	</Auth>
	<Request>
		<RequestVars>
			<Logout/>
		</RequestVars>
	</Request>
</VancoWS>

-----------------Request END--------------
-----------------Response START--------------
Response Time: 27-02-14 10:38:05
Response: <?xml version="1.0" encoding="UTF-8"?>
<VancoWS><Auth><RequestID>RequestID</RequestID><RequestTime>2014-02-27 10:02:05</RequestTime><RequestType>Logout</RequestType><Version>2</Version></Auth><Response><Logout>Successful</Logout></Response></VancoWS>

-----------------Response END--------------
-----------------Request START--------------
Request Time: 27-02-14 10:48:28
Request: <?xml version="1.0"?>
<VancoWS>
  <Auth>
    <RequestType>Login</RequestType>
    <RequestID>RequestID</RequestID>
    <RequestTime>2014-02-27 10:02:28</RequestTime>
	
    <Version>2</Version>
  </Auth>
  <Request>
	
    <RequestVars>
		
      <UserID>BACKOFFI</UserID>
	
      <Password>v@nco2oo</Password>
	
    </RequestVars>
  </Request>
</VancoWS>

-----------------Request END--------------
-----------------Response START--------------
Response Time: 27-02-14 10:48:29
Response: <?xml version="1.0" encoding="UTF-8"?>
<VancoWS><Auth><RequestID>RequestID</RequestID><RequestTime>2014-02-27 10:02:28</RequestTime><RequestType>Login</RequestType><Version>2</Version></Auth><Response><SessionID>db3068b04da3b0b2c9d39b1e3087d01300c6edd8</SessionID></Response></VancoWS>

-----------------Response END--------------
-----------------Request START--------------
Request Time: 27-02-14 10:48:29
Request: <?xml version="1.0"?>
<VancoWS>
  <Auth>
    <RequestType>EFTAddCompleteTransaction</RequestType>
    <RequestID>RequestID</RequestID>
    <RequestTime>2014-02-27 10:02:29</RequestTime>
    <SessionID>db3068b04da3b0b2c9d39b1e3087d01300c6edd8</SessionID>
    <Version>2</Version>
  </Auth>
  <Request>
    <RequestVars>
		<CustomerID>202</CustomerID>		
		<CustomerName>ggh, jghhgh</CustomerName>
		<CustomerAddress1>hgghgh</CustomerAddress1>
		<CustomerAddress2/>
		<CustomerCity>hg</CustomerCity>
		<CustomerState>AZ</CustomerState>
		<CustomerZip>13443234</CustomerZip>
		<CustomerPhone/>
		<PaymentMethodRef/>
		<AccountType>CC</AccountType>
		<AccountNumber>************1111</AccountNumber>
		<CardCVV2></CardCVV2>
		<CardBillingName>jghhgh hhg ggh</CardBillingName>
		<CardExpMonth>03</CardExpMonth>
		<CardExpYear>2016</CardExpYear>
		<SameCCBillingAddrAsCust>YES</SameCCBillingAddrAsCust>
		<CardBillingAddr1/>
		<CardBillingAddr2/>
		<CardBillingCity/>
		<CardBillingState/>
		<CardBillingZip/>
		<Amount>80.00</Amount>
		<StartDate>0000-00-00</StartDate>
		<EndDate/>
		<FrequencyCode>O</FrequencyCode>
		<TransactionTypeCode/>
    </RequestVars>
  </Request>
</VancoWS>

-----------------Request END--------------
-----------------Response START--------------
Response Time: 27-02-14 10:48:34
Response: <?xml version="1.0" encoding="UTF-8"?>
<VancoWS><Auth><RequestID>RequestID</RequestID><RequestTime>2014-02-27 10:02:29</RequestTime><RequestType>EFTAddCompleteTransaction</RequestType><Signature/><SessionID>db3068b04da3b0b2c9d39b1e3087d01300c6edd8</SessionID><Version>2</Version></Auth><Response><StartDate>2014-02-27</StartDate><CustomerRef>7411729</CustomerRef><PaymentMethodRef>7452851</PaymentMethodRef><TransactionRef>16101397</TransactionRef><TransactionFee>2.65</TransactionFee></Response></VancoWS>

-----------------Response END--------------
-----------------Request START--------------
Request Time: 27-02-14 10:48:34
Request: <?xml version="1.0"?>
<VancoWS>
	<Auth>
		<RequestType>Logout</RequestType>
		<RequestID>RequestID</RequestID>
		<RequestTime>2014-02-27 10:02:34</RequestTime>
		<SessionID>db3068b04da3b0b2c9d39b1e3087d01300c6edd8</SessionID>
		<Version>2</Version>
	</Auth>
	<Request>
		<RequestVars>
			<Logout/>
		</RequestVars>
	</Request>
</VancoWS>

-----------------Request END--------------
-----------------Response START--------------
Response Time: 27-02-14 10:48:35
Response: <?xml version="1.0" encoding="UTF-8"?>
<VancoWS><Auth><RequestID>RequestID</RequestID><RequestTime>2014-02-27 10:02:34</RequestTime><RequestType>Logout</RequestType><Version>2</Version></Auth><Response><Logout>Successful</Logout></Response></VancoWS>

-----------------Response END--------------
-----------------Request START--------------
Request Time: 27-02-14 10:51:47
Request: <?xml version="1.0"?>
<VancoWS>
  <Auth>
    <RequestType>Login</RequestType>
    <RequestID>RequestID</RequestID>
    <RequestTime>2014-02-27 10:02:47</RequestTime>
	
    <Version>2</Version>
  </Auth>
  <Request>
	
    <RequestVars>
		
      <UserID>BACKOFFI</UserID>
	
      <Password>v@nco2oo</Password>
	
    </RequestVars>
  </Request>
</VancoWS>

-----------------Request END--------------
-----------------Response START--------------
Response Time: 27-02-14 10:51:47
Response: <?xml version="1.0" encoding="UTF-8"?>
<VancoWS><Auth><RequestID>RequestID</RequestID><RequestTime>2014-02-27 10:02:47</RequestTime><RequestType>Login</RequestType><Version>2</Version></Auth><Response><SessionID>d2e3822ecf59c89e81915c19d562ef3b9c7d3b8d</SessionID></Response></VancoWS>

-----------------Response END--------------
-----------------Request START--------------
Request Time: 27-02-14 10:51:47
Request: <?xml version="1.0"?>
<VancoWS>
  <Auth>
    <RequestType>EFTAddCompleteTransaction</RequestType>
    <RequestID>RequestID</RequestID>
    <RequestTime>2014-02-27 10:02:47</RequestTime>
    <SessionID>d2e3822ecf59c89e81915c19d562ef3b9c7d3b8d</SessionID>
    <Version>2</Version>
  </Auth>
  <Request>
    <RequestVars>
		<CustomerID>203</CustomerID>		
		<CustomerName>fsdfsd, adsfdasfs</CustomerName>
		<CustomerAddress1>fsdfsdf</CustomerAddress1>
		<CustomerAddress2/>
		<CustomerCity>sdfsedf</CustomerCity>
		<CustomerState>PA</CustomerState>
		<CustomerZip>3344443</CustomerZip>
		<CustomerPhone/>
		<PaymentMethodRef/>
		<AccountType>C</AccountType>
		<AccountNumber>*****4432</AccountNumber>
		<CardCVV2></CardCVV2>
		<CardBillingName/>
		<CardExpMonth/>
		<CardExpYear/>
		<SameCCBillingAddrAsCust/>
		<CardBillingAddr1/>
		<CardBillingAddr2/>
		<CardBillingCity/>
		<CardBillingState/>
		<CardBillingZip/>
		<Amount>15.00</Amount>
		<StartDate>0000-00-00</StartDate>
		<EndDate/>
		<FrequencyCode>O</FrequencyCode>
		<TransactionTypeCode>WEB</TransactionTypeCode>
    <RoutingNumber>031207607</RoutingNumber></RequestVars>
  </Request>
</VancoWS>

-----------------Request END--------------
-----------------Response START--------------
Response Time: 27-02-14 10:51:48
Response: <?xml version="1.0" encoding="UTF-8"?>
<VancoWS><Auth><RequestID>RequestID</RequestID><RequestTime>2014-02-27 10:02:47</RequestTime><RequestType>EFTAddCompleteTransaction</RequestType><Signature/><SessionID>d2e3822ecf59c89e81915c19d562ef3b9c7d3b8d</SessionID><Version>2</Version></Auth><Response><StartDate>2014-03-03</StartDate><CustomerRef>7414626</CustomerRef><PaymentMethodRef>7455968</PaymentMethodRef><TransactionRef>16101398</TransactionRef><TransactionFee/></Response></VancoWS>

-----------------Response END--------------
-----------------Request START--------------
Request Time: 27-02-14 10:51:48
Request: <?xml version="1.0"?>
<VancoWS>
	<Auth>
		<RequestType>Logout</RequestType>
		<RequestID>RequestID</RequestID>
		<RequestTime>2014-02-27 10:02:48</RequestTime>
		<SessionID>d2e3822ecf59c89e81915c19d562ef3b9c7d3b8d</SessionID>
		<Version>2</Version>
	</Auth>
	<Request>
		<RequestVars>
			<Logout/>
		</RequestVars>
	</Request>
</VancoWS>

-----------------Request END--------------
-----------------Response START--------------
Response Time: 27-02-14 10:51:49
Response: <?xml version="1.0" encoding="UTF-8"?>
<VancoWS><Auth><RequestID>RequestID</RequestID><RequestTime>2014-02-27 10:02:48</RequestTime><RequestType>Logout</RequestType><Version>2</Version></Auth><Response><Logout>Successful</Logout></Response></VancoWS>

-----------------Response END--------------
