<?xml version="1.0"?>
<extension key="org.backofficethinking.vancopayment" type="module">
  <file>vancopayment</file>
  <name>Vanco Payment extension</name>
  <description>Vanco payment module</description>
  <license></license>
  <maintainer>
    <author>BackOffice Thinking</author>
    <email>info@backofficethinking.com</email>
  </maintainer>
  <releaseDate>2014-02-26</releaseDate>
  <version>1.0</version>
  <develStage>alpha</develStage>
  <compatibility>
    <ver>4.3</ver>
  </compatibility>
  <comments>Vanco payment module</comments>
  <civix>
    <namespace>CRM/Vancopayment</namespace>
  </civix>
</extension>
